Title,Tags,URL,Found_date,Summary
osv-scanner,"google, scan, vulnerable",https://github.com/google/osv-scanner,"December 16, 2022",Google开源漏洞扫描
shennina,"AI, scan, vulnerable",https://github.com/mazen160/shennina,"December 20, 2022",AI漏洞扫描。
LAMBADA: Backward Chaining for Automated Reasoning in NaturalLanguage,"language, logical",,"December 29, 2022",形式化自然语言理解
供应链相关的攻击和缓解措施研究,"SBOM, supply chain security",https://engineering.mercari.com/en/blog/entry/20221215-supplychain-security-reevaluation/,"December 29, 2022","供应链相关的攻击和缓解措施研究
"
Shedding Light on Huawei's Security Hypervisor,"hypervisor, reverse engineering, 保护机制, 华为",https://blog.impalabs.com/2212_huawei-security-hypervisor.html,"December 30, 2022",通过对华为手机EL2级别的安全保护程序HHEE的逆向分析，分析其对内核提取的多种通用保护机制。
MOSEC2022 MediAttack - break the boot chain of MediaTek SoC,"bootrom, mtk, vulnerable",https://o0xmuhe.github.io/2022/11/23/%E8%AE%AE%E9%A2%98%E8%A7%A3%E8%AF%BB-MOSEC2022-MediAttack-break-the-boot-chain-of-MediaTek-SoC/,"January 3, 2023",mtk的preloader存在漏洞。
gpt-wpre,"AI, reverse engineering",https://github.com/moyix/gpt-wpre,"January 3, 2023",使用GPT-3 做逆向
Inside the 8086 processor's instruction prefetch circuitry,"IC, hardware, reverse engineering",http://www.righto.com/2023/01/inside-8086-processors-instruction.html,"January 4, 2023",介绍 8086 处理器指令预取技术的电路实现
LuaJIT Sandbox Escape: The Saga Ends,"Lua, sandbox escape",https://0xbigshaq.github.io/2022/12/30/luajit-sandbox-escape/,"January 4, 2023",LuaJIT 沙箱逃逸
Get your external IP with cURL,tool,https://www.notion.so/51m0n/Get-your-external-IP-with-cURL-12aed1759b81428abf58cbb01223f553,"January 4, 2023",访问URL获取本机外网IP
22种常用工具cheatsheet,"cheatsheet, tool",https://www.notion.so/51m0n/22-cheatsheet-963bae42a6294f90b023f6e8eef3ed82,"January 4, 2023",
2022年，全同态加密google trends,"Homomorphic Encryption 全同态, crypto, info",https://trends.google.com/trends/explore?q=Homomorphic Encryption,"January 5, 2023",中国搜索量异常高。为第二名韩国的将近5倍。
AI 框架 PyTorch受供应链攻击,"AI, outdated, supply chain security",https://thehackernews.com/2023/01/pytorch-machine-learning-framework.html,"January 5, 2023",AI 框架 PyTorch受供应链攻击。
"Web Hackers vs. The Auto Industry: Critical Vulnerabilities in Ferrari, BMW, Rolls Royce, Porsche, and More","vehicle, vulnerable, web",https://samcurry.net/web-hackers-vs-the-auto-industry/,"January 5, 2023",web黑客发现了汽车工业的漏洞。
攻击DSP：揭开高通Hexagon的神秘面纱,"DSP, reverse engineering, vulnerable, 高通",https://vul.360.net/archives/645,"January 6, 2023",高通数字信号处理器Hexagon攻击面研究，文章从应用的开源库漏洞、驱动漏洞、Fuzz方法等方面进行介绍。
IVRE,"network, scan, search",https://github.com/woj-ciech/Kamerka-GUI,"January 6, 2023",自建shodan替代
OMLASP,"AI, auditiing, cyber security",https://github.com/Telefonica/OMLASP,"January 6, 2023",对机器学习算法进行安全审计。
Google Hacking Database,"pentesting, search",https://github.com/readloud/Google-Hacking-Database-GHDB,"January 6, 2023",通过特殊关键词，在google上搜索用于渗透测试以及安全研究的公开信息。
Extending Source Code Pre-Trained Language Models to Summarise Decompiled Binaries,"AI, language, paper, reverse engineering",https://51m0n.notion.site/Extending-Source-Code-Pre-Trained-Language-Models-to-Summarise-Decompiled-Binaries-4bdc91e28815485e9ab6386426d46670,"January 9, 2023",利用预训练语言模型，对反编译后的代码生成概述。
Labs – CompTIA Security+,"101, book, cyber security",https://51m0n.notion.site/101-Labs-CompTIA-Security-3369a3b2bcec4d99a5f8d948c65470e6,"January 9, 2023",入门级网络安全实验。
Linux加固,"Linux, book, cyber security, hardening",https://51m0n.notion.site/Linux-4d41c7feb94a4058bc23cd2e5a205b7f,"January 10, 2023",一份Linux加固指南。
软件供应链安全的ATTCK ,supply chain security,http://riskexplorer.endorlabs.com/,"January 10, 2023",软件供应链安全的ATTCK 
将doc88的文档转为图片,"tool, web",https://gist.github.com/SimonTheCoder/af8ffffef46aaa7079c2e8bfa00195ef,"January 10, 2023",doc88为了防止用户复制内容，都是在canvas中直接绘制。可以通过本脚本dump成图片。
定理证明辅助工具 Coq,"language, logical",https://51m0n.notion.site/Coq-616f46a22e624c75bb668fd603d41c4f,"January 10, 2023",Coq工具简介，顺带介绍形式化验证。作者貌似是搞核工业的。
利用运行时报错信息指导WebGL api参数变异进行Fuzz,"fuzz, web, webgl",https://www.usenix.org/system/files/sec23summer_249-peng-prepub.pdf,"January 10, 2023",利用运行时报错信息指导WebGL api参数变异进行Fuzz，在主流浏览器中发现多个WebGL相关bug。
Software Foundations by Benjamin C. Pierce,"book, language, logical",https://51m0n.notion.site/Software-Foundations-by-Benjamin-C-Pierce-c2069da395bc447e8982e6522ce814d4,"January 10, 2023",The Software Foundations series is a broad introduction to the mathematical underpinnings of reliable software.
How I fuzz and hack APIs?,"fuzz, web",https://rashahacks.com/how-i-fuzz-and-hack-api/,"January 11, 2023",关于如何fuzz http api的思考
fuzztruction: an academic prototype of a fuzzer,fuzz,https://securityonline.info/fuzztruction-an-academic-prototype-of-a-fuzzer/,"January 11, 2023",一种新的fuzzer设计，相比于常见的对数据进行变异思路，本文提出一种对生成器的行为进行变异（错误注入）的思路。这样生成的数据可在结构上保持大部分合法性。
Learning DevOps,"DevOps, book",https://51m0n.notion.site/Learning-DevOps-05f979711b1d4451acd1cb1e7cd512fb,"January 11, 2023",书，就叫Learning DevOps
GitHub Introduces Automatic Vulnerability Scanning Feature,"scan, vulnerable",https://www.securityweek.com/github-introduces-automatic-vulnerability-scanning-feature,"January 11, 2023",Github开始提供漏洞扫描功能。
Automatic kernel code synthesis and verification,"RISCV, language, paper",https://51m0n.notion.site/Automatic-kernel-code-synthesis-and-verification-ce89cf10ff7f4ee0b44830514bf2afde,"January 11, 2023",梦太阳他们发表的关于形式化的论文。记录一下。
• An electromagnetic-wave side-channel issue on ARMv8 AES instructions : netsec,vulnerable,https://www.reddit.com/r/netsec/comments/1087yf6/an_electromagneticwave_sidechannel_issue_on_armv8/,"January 12, 2023",ARMv8 AES指令存在侧信道漏洞，可以还原加密的key。
https://github.com/mrprogrammer2938/Black-Tool,"cyber security, tool",https://github.com/mrprogrammer2938/Black-Tool,"January 12, 2023",一个常用黑客工具表。
考勤机安全分析报告,"reverse engineering, vulnerable",https://www.freebuf.com/articles/paper/354674.html,"January 13, 2023",对考勤机进行漏洞挖掘的详细过程，含多个具体案例
Factoring integers with sublinear resources on a superconducting quantum processor,"Quantum computing, crypto",https://arxiv.org/pdf/2212.12372.pdf,"January 13, 2023",文章中提出了一种结合格规约和量子近似优化算法对整数进行分解的算法
利用CodePattern从二进制代码中找漏洞,"binary, language",https://github.com/ga1ois/BlackHat-Europe-2022,"January 13, 2023",利用CodePattern从二进制代码中找漏洞。以几类Windows的漏洞Pattern为例，实现了一个类似于Binary的CodeQL雏形。
sast-scan,"scan, vulnerable, web",https://github.com/ShiftLeftSecurity/sast-scan,"January 13, 2023","Scan is a free open-source security tool for modern DevOps teams. With an integrated multi-scanner based design, Scan can detect various kinds of security flaws in your application, and infrastructure code in a single fast scan without the need for any remote server. Scan is purpose built for workflow integration with nifty features such as automatic build breaker, results baseline and PR summary comments. "
slither,"blockchain🤢, language, scan, vulnerable",https://github.com/crytic/slither,"January 13, 2023","Slither is a Solidity static analysis framework written in Python 3. It runs a suite of vulnerability detectors, prints visual information about contract details, and provides an API to easily write custom analyses. Slither enables developers to find vulnerabilities, enhance their code comprehension, and quickly prototype custom analyses."
awesome-iot-hacks,"cyber security, tool",https://github.com/nebgnahz/awesome-iot-hacks,"January 16, 2023",A Collection of Hacks in IoT Space so that we can address them (hopefully).
Unleashing the Art of Digital Forensics,"book, forensics",https://51m0n.notion.site/Unleashing-the-Art-of-Digital-Forensics-8e76f563b75743369b840b9a090fc751,"January 16, 2023",关于数字取证的书
Threema-PST22,"crypto, cyber security",https://breakingthe3ma.app/files/Threema-PST22.pdf,"January 16, 2023","瑞士加密聊天应用程序 Threema 的加密漏洞的分析,其会破坏身份验证保护甚至可以恢复用户的私钥"
基于代码属性图的自动化漏洞挖掘实践,language,https://blog.0kami.cn/blog/2023/%E5%9F%BA%E4%BA%8E%E4%BB%A3%E7%A0%81%E5%B1%9E%E6%80%A7%E5%9B%BE%E7%9A%84%E8%87%AA%E5%8A%A8%E5%8C%96%E6%BC%8F%E6%B4%9E%E6%8C%96%E6%8E%98%E5%AE%9E%E8%B7%B5/,"January 16, 2023",
mqtt 攻击面和挖掘思路浅析,pentesting,https://paper.seebug.org/2040/,"January 16, 2023",mqtt 攻击面和挖掘思路浅析
Bypassing Frida detection in Android,"frida, reverse engineering",https://youtu.be/M0ETKs6DZn8,"January 16, 2023",一个绕过安卓APP中的frida检测的视频教程
"CVE-2022-3430 and
CVE-2022-3431","vulnerable, 联想, 高通",,"January 16, 2023","binarly的安全研究人员发现了高通和联想一些漏洞(溢出和泄露),并将部分细节进行展示"
通过隐藏导入表的方式规避杀软,malware,https://xz.aliyun.com/t/12035,"January 16, 2023",
Search Engines For Pentesters,"cyber security, pentesting, tool",https://51m0n.notion.site/Search-Engines-For-Pentesters-1707887f4d9440b987e344b957eaacc4,"January 17, 2023",
Attacking AUTOSAR using Software and Hardware Attacks,"autosar, cyber security, pentesting, vehicle",https://51m0n.notion.site/Attacking-AUTOSAR-using-Software-and-Hardware-Attacks-68af321b85c742829fb4ef45c70cede4,"January 17, 2023",通过软件和硬件攻击AUTOSAR
关于代码优化与还原,language,https://bbs.kanxue.com/thread-275796.htm,"January 18, 2023",记录一下从编译的角度还原VMP的思路
Pawel Szulc - Formal verification applied (with TLA+),language,https://www.bilibili.com/video/BV1PR4y1e7z9/?vd_source=538b4abbfb265e25a3e42e8065acb45d,"January 18, 2023",使用TLA+进行形式化验证。主要是进行模型检查。
git严重漏洞,"info, outdated, vulnerable",,"January 21, 2023",git严重漏洞。可能导致rce。需要立即升级。
日产发生数据泄露,"info, outdated",https://www.bleepingcomputer.com/news/security/nissan-north-america-data-breach-caused-by-vendor-exposed-database/,"January 21, 2023",
Google Fuchsia 开发团队裁员,info,https://9to5google.com/2023/01/21/fuchsia-area-120-google-layoffs/,"January 23, 2023",Fuchsia OS 是 Google 开发的实验性操作系统，使用名叫 Zircon 的微内核。新操作系统引发过很多猜测，曾被认为将取代 Android 和 Chrome OS
BLint,"reverse engineering, scan, tool",https://github.com/AppThreat/blint,"January 24, 2023","BLint is a Binary Linter to check the security properties, and capabilities in your executables. It is powered by lief."
Pwning the all Google phone with a non-Google bug,vulnerable,https://github.blog/2023-01-23-pwning-the-all-google-phone-with-a-non-google-bug/,"January 24, 2023",mali GPU存在漏洞。
All of the Best Links and Resources on Cyber Security. - s0cm0nkey's Security Reference Guide,"book, cyber security",https://s0cm0nkey.gitbook.io/s0cm0nkeys-security-reference-guide/,"January 24, 2023",各种教程
"The toddler’s introduction to Heap Exploitation, Unsafe Unlink","cyber security, pentesting, vulnerable",https://infosecwriteups.com/the-toddlers-introduction-to-heap-exploitation-unsafe-unlink-part-4-3-75e00e1b0c68,"January 24, 2023",堆漏洞利用讲解。
"Collection of tips, tools, arsenal and techniques I've learned during RE and other CyberSecStuff","cyber security, knowledge, reverse engineering",https://github.com/tccontre/KnowledgeBase,"January 25, 2023",
Hackng Articles — Cyber Mindmap,"cyber security, knowledge",https://github.com/Ignitetechnologies/Mindmap,"January 25, 2023","This repository will contain many mindmaps for cyber security technologies, methodologies, courses, and certifications in a tree structure to give brief details about them."
Wireshark for Network Forensics,"book, forensics",https://51m0n.notion.site/Wireshark-for-Network-Forensics-aab418c250f74349b87f818ca29cbe7e,"January 26, 2023",使用wireshark进行网络取证
DFIR-Templates,forensics,https://t.me/hackgit)https://github.com/chocolatecoat/DFIR-Templates,"January 26, 2023",Incident Response documents and tooling.
Linux Kernel Defence Map,"Linux, hardening",https://github.com/a13xp0p0v/linux-kernel-defence-map,"January 26, 2023","Shows the relationships between vulnerability classes, exploitation techniques, bug detection mechanisms, and defence technologies."
tcache bin利用总结,"cyber security, knowledge, pentesting, reverse engineering",https://mp.weixin.qq.com/s/7kytfB0oFy2xcccwy3cxMA,"January 26, 2023",
EntryBleed: Breaking KASLR under KPTI with Prefetch (CVE-2022-4543),"bypass, vulnerable",https://www.willsroot.io/2022/12/entrybleed.html?m=1,"January 29, 2023",一个基于CPU prefetch进行的侧信道攻击，即使用户态page table和内核page table隔离的干扰下，依然能够破坏内核地址随机化
Firefox在野0day分析,"analysis, vulnerable",https://weiyiling.cn/one/firefox_0day_case_analysis,"January 29, 2023","Firefox 在野0day漏洞分析,CVE-2022-26485(RCE)+CVE-2022-26486(SBX)"
A step-by-step introduction to the use of ROP gadgets to bypass DEP,vulnerable,https://cybergeeks.tech/a-step-by-step-introduction-to-the-use-of-rop-gadgets-to-bypass-dep/,"January 31, 2023",
Inglourious Drivers – A Journey of Finding Vulnerabilities in Drivers,vulnerable,https://www.cyberark.com/resources/threat-research-blog/inglourious-drivers-a-journey-of-finding-vulnerabilities-in-drivers,"January 31, 2023",介绍了作者以一种意外的方式发现并找到 WinIO 内核驱动栈溢出漏洞。并展示了利用此漏洞为根基，攻击某外围设备厂商的驱动，并最终执行任意内核代码的全过程。
Introducing kernel sanitizers on Microsoft platforms,"hardening, windows",http://www.microsoft.com/en-us/security/blog/2023/01/26/introducing-kernel-sanitizers-on-microsoft-platforms/,"February 2, 2023",微软在内核中引入KASAN，SKASAN和针对Hyper-V的HASAN
Obfuscation Detection,"obfuscation, reverse engineering",https://github.com/mrphrazer/obfuscation_detection,"February 2, 2023",一个用于自动检查二进制文件中的混淆代码和状态机的脚本/工具/Binary Ninja插件
diodb,"database, vulnerable",https://disclose.io/,"February 2, 2023","make vulnerability disclosure safe, simple, and standardized for everyone"
Metrinome,language,https://github.com/hmc-alpaqa/metrinome,"February 2, 2023","Create CFGs and compute complexity metrics for #Python, C++, and Java code."
Linux Security and Hardening Security Guide,"Linux, hardening",https://github.com/In4n1s357/Linux-Security-and-Hardening-Security-Guide,"February 2, 2023",Linux安全和加固安全指南
sandfly-entropyscan,"malware, scan",,"February 3, 2023",检测与恶意软件相关的打包或加密二进制文件的Linux熵扫描器。发现恶意文件和Linux进程，并以加密散列输出。
Orange Cyberdefense mindmaps,"knowledge, pentesting",https://github.com/Orange-Cyberdefense/ocd-mindmaps,"February 3, 2023",
Alcatraz: x64 binary obfuscator,obfuscation,https://securityonline.info/alcatraz-x64-binary-obfuscator/,"February 3, 2023",一款X64二进制混淆工具，介绍了一些二进制混淆的方法和原理
Security Advisory: Remote Command Execution in binwalk,vulnerable,https://onekey.com/blog/security-advisory-remote-command-execution-in-binwalk/,"February 3, 2023",binwalk存在一个路径穿越导致的任意文件写漏洞，可以导致RCE 
WordPress Vulnerability & Patch Roundup January 2023,"vulnerable, web",https://sucur.it/3JxrIl4,"February 3, 2023",WordPress漏洞整理
CloudGPT - Use ChatGPT to analyze AWS policies for vulnerabilities,"AI, scan",https://gist.github.com/ustayready/c29e9f9dca0a0b8170fbdfec11afc349,"February 3, 2023",使用ChatGPT分析AWS policy发现漏洞的案例。
Taking the next step: OSS-Fuzz in 2023,fuzz,https://security.googleblog.com/2023/02/taking-next-step-oss-fuzz-in-2023.html?m=1,"February 3, 2023", OSS-Fuzz后续研究计划，将从提升贡献者奖金、增加更多语言Fuzz支持、FuzzIntrospector支持等方面进行改进。
Using Machine Learning to Improve IDA’s Analysis,"AI, reverse engineering",https://research.checkpoint.com/2019/thumbs-up-using-machine-learning-to-improve-idas-analysis/,"February 6, 2023",使用机器学习方法（随机森林）帮助完善IDA分析结果，例如用来识别函数段、识别switch跳转表、区分 Arm 和 Thumb 代码段，识别代码中的函数指针等
Researcher Publishes PoC Exploit for Privilege Escalation Flaw (CVE-2023-0179) in Linux Kernel,"Linux, vulnerable",https://securityonline.info/researcher-publishes-poc-exploit-for-privilege-escalation-flaw-cve-2023-0179-in-linux-kernel/,"February 6, 2023",Linux Netfilter 本地提权漏洞 PoC 公开，CVE-2023-0179
A public collection of POCs & Exploits for the vulnerabilities,"database, vulnerable",https://t.co/iszA9dJUWW,"February 6, 2023",
No-Fuzz: Efficient Anti-fuzzing Techniques,fuzz,https://link.springer.com/chapter/10.1007/978-3-031-25538-0_38,"February 7, 2023",本文提出了一种有效的反fuzz技术，用于防止应用程序被fuzz。
Android Binder UAF漏洞细节（CVE-2023-20928）,"android, vulnerable",https://bugs.chromium.org/p/project-zero/issues/detail?id=2374,"February 7, 2023",由于锁的错误使用导致的Android Binder UAF漏洞细节（CVE-2023-20928） – P4nda
The technology behind GitHub’s new code search,"language, scan",https://github.blog/2023-02-06-the-technology-behind-githubs-new-code-search/,"February 7, 2023",介绍 github 新研发的代码搜索功能所使用的底层算法 – WireFish
Kernel Exploit Recipes Notebook,"Linux, vulnerable",https://docs.google.com/document/d/1a9uUAISBzw3ur1aLQqKc5JOQLaJYiOP5pe_B4xCT1KA/edit#heading=h.6141m9mqkmgh,"February 7, 2023",kCTF VRP中收到的Linux内核漏洞信息及利用方式汇总文档。
Hacking into Toyota's global supplier management network,vulnerable,https://www.reddit.com/r/netsec/comments/10vb5qy/hacking_into_toyotas_global_supplier_management/,"February 7, 2023",作者攻入丰田GSPIMS系统，该系统允许用户只通过email地址进行登陆，作者借此获得了系统管理员权限。
Automation using python in bug bounty’s (full practical explanation),cyber security,https://sn0xsharma.medium.com/automation-using-python-in-bug-bountys-full-practical-explanation-e1e694c43f78,"February 7, 2023",介绍了一系列工具用来bug bountry自动化，内容比较初级
Bard：一款基于LaMDA的实验性会话AI服务,AI,http://goo.gle/3HBZQtu,"February 7, 2023",Bard是一款实验性会话AI服务，由LaMDA提供技术支持。它基于大型语言模型构建，并从网络上汲取信息，是一个好奇心的发射台，可以帮助简化复杂的主题。
Gen-1：一种新的AI模型,AI,https://bit.ly/3RxvBZr,"February 7, 2023",Gen-1是一种新的AI模型，它可以利用语言和图像从现有视频中生成新的视频。
LAION：大型人工智能开放网络,AI,https://github.com/LAION-AI/Open-Assistant,"February 7, 2023",LAION试图构建一个开放的ChatGPT，愿景是让这款产品足够小，并能够在消费级电脑上运行，目前正在语料收集阶段，可以关注项目进展。
HiSilicon DVR hack,vulnerable,https://github.com/tothi/pwn-hisilicon-dvr,"February 7, 2023",披露了基于HiSilicon hi3520d和类似SoC构建的DVR/NVR设备的严重漏洞（带有PoC代码）。利用漏洞可以仅使用Web界面进行未经授权的远程代码执行（RCE），从而完全接管被利用的设备。由于缺乏升级的固件，不建议使用这些设备。在2016年12月之前联系过厂商，但仍然没有回应。披露日期为2017年2月。
IoTSecurity101,"IoT, cyber security, knowledge",https://github.com/V33RU/IoTSecurity101,"February 7, 2023",一个物联网安全资源的精选列表
DLL Sideload without DLL Main,"malware, reverse engineering, windows",https://github.com/shantanu561993/DLL-Sideload,"February 7, 2023",一种不需要DLL Main的DLL侧载方法
RevWhoix,"network, tool",https://github.com/Sybil-Scan/revwhoix,"February 7, 2023",一个使用whoisxml API执行反向WHOIS查找的简单实用程序
Google Chrome 在验证命令解码器时产生的缓冲区溢出漏洞,"vulnerable, web",https://googleprojectzero.github.io/0days-in-the-wild//0day-RCAs/2022/CVE-2022-4135.html,"February 7, 2023",Google Chrome 在验证命令解码器时可能会发生缓冲区溢出漏洞，这可能会导致攻击者可以执行任意代码。
T-Sec 二进制软件成分分析,"AI, binary, scan",https://cloud.tencent.com/product/bsca,"February 8, 2023","二进制软件成分分析（Binary Software Composition Analysis, BSCA）是一款基于二进制分析能力的自动化软件成分分析工具。BSCA无需源码，使用便捷，一键上传文件即可输出安全报告，帮助您高效识别风险，节省安全成本，提升安全竞争力。"
GPT-J：GPT-3的开源表亲,AI,https://towardsdatascience.com/cant-access-gpt-3-here-s-gpt-j-its-open-source-cousin-8af86a638b11,"February 8, 2023",EleutherAI是一个开源项目，旨在复制OpenAI GPT系列模型，如GPT-3-175B，以打破OpenAI-Microsoft对基于变压器的语言模型的垄断。该项目包括代码库、大型策划数据集和GPT-J模型，其性能可与GPT-3-175B相媲美。GPT-J已经测试了其编码能力，并发现它在编写代码方面比GPT-3更好。
Attacking and securing Docker containers,"docker, pentesting",https://infosecwriteups.com/attacking-and-securing-docker-containers-cc8c80f05b5b?source=rss----7b722bfd1b8d---4,"February 8, 2023",介绍常见的 Docker 攻防策略，通俗易懂。
BypassAV,malware,https://github.com/CMEPW/BypassAV,"February 8, 2023",一个如何绕过Antivirus的知识思维导图。 – Atum
A Survey of Bluetooth Vulnerabilities Trends (2023 Edition),"bluetooth, vulnerable",https://i5c.us/d29522,"February 8, 2023",近几年蓝牙漏洞的数量呈上升趋势。
exploitation-course/labs at master · ashemery,"binary, reverse engineering",https://github.com/ashemery/exploitation-course/tree/master/labs,"February 9, 2023",香普兰学院的逆向和二进制漏洞利用课程相关的配套练习
Isn't C++ fun? : ProgrammerHumor,language,https://www.reddit.com/r/programmerhumor/comments/10wur63,"February 10, 2023",编译器优化导致未定义行为的meme – keenan
CUDA Program Intro and Reverse,"GPU, reverse engineering",https://bbs.kanxue.com/thread-275989.htm,"February 10, 2023",crazyman发表的CUDA程序介绍和逆向。
Binary Fundamental,knowledge,https://51m0n.notion.site/Binary-Fundamental-73aa26564cf741bb9cc86b31b653832f,"February 12, 2023",
Search across a half million git repos,tool,https://grep.app/,"February 13, 2023",Grep.app 是一个可以搜索超过50万个Git存储库的工具
绕过 VMProtect 最新反调试的方法,reverse engineering,https://cyber.wtf/2023/02/09/defeating-vmprotects-latest-tricks/,"February 13, 2023",本文介绍了如何绕过 VMProtect 最新反调试的方法，由 keenan 撰写。
一个基于OWASP MASVS (Mobile Application Security Verification Standard) 的安卓应用安全检测工具,"android, scan",https://github.com/Cyber-Buddy/APKHunt,"February 13, 2023",一个基于OWASP MASVS (Mobile Application Security Verification Standard) 的安卓应用安全检测工具。
利用 QEMU + GDB 帮助魔改，逆向和理解嵌入式系统内核,reverse engineering,https://github.com/batteryshark/writeups/wiki/Go-to-Shell---Reverse-Engineering-Kernel-Modifications-with-QEMU-gdb,"February 13, 2023",本文介绍了如何使用 QEMU 和 GDB 帮助魔改，逆向和理解嵌入式系统内核。
45亿中国公民个人信息泄露，源自快递平台,leak,https://www.qxwa.com/45-billion-chinese-citizens-personal-information-leaked-including-names-mobile-phone-numbers-home-addresses.html?noamp=mobile,"February 13, 2023",2月12日晚，一个Telegram机器人爆出了中国公民的45亿个人信息泄露，来源主要是各平台快递数据，包含了真实姓名、电话与住址等信息。该机器人管理员提供的navicat截图显示，数据量为4541420022条，数据库大小为435.35GB，覆盖了中国网购的所有人。请所有国人加强防护，《中华人民共和国刑法》的相关规定。
Firefly: a smart black-box fuzzer for web applications testing,"fuzz, tool, web",https://blog.yeswehack.com/yeswerhackers/firefly-smart-black-box-fuzzer-web-applications/,"February 14, 2023",Web 应用黑盒模糊测试工具 Firefly
IoT-PT：一个用于渗透测试物联网设备的虚拟环境,"IoT, pentesting, tool",https://github.com/IoT-PTv/IoT-PT,"February 14, 2023",IoT-PT是一个用于渗透测试物联网设备的虚拟环境，它提供了一个安全的环境，可以模拟物联网设备的攻击和漏洞检测。
学习 Semgrep教程,"language, scan",https://lanying37.github.io/2020/03/17/semgrep-tutorial/,"February 15, 2023",本文介绍了如何使用Semgrep来检测代码中的潜在问题。
Learning Semgrep,"language, scan",https://goingbeyondgrep.com/posts/learning-semgrep/,"February 15, 2023",本文介绍了Semgrep，一种用于检测代码中的潜在问题的开源工具。
AI-powered Bing Chat泄漏秘密,AI,https://arstechnica.com/information-technology/2023/02/ai-powered-bing-chat-spills-its-secrets-via-prompt-injection-attack/,"February 15, 2023",研究人员发现，Bing Chat的AI功能可以通过提示词注入攻击来泄漏秘密信息。
gpt-3 mermaid to code,"AI, application",https://51m0n.notion.site/gpt-3-mermaid-to-code-70eea0cad4dc4635b799a5c2bfdf65cd,"February 16, 2023",让gpt-3根据一段mermaid脚本描述的流程图生成代码。
Remote Side-Channel Attacks & Defense,"bypass, pentesting",https://martinschwarzl.at/media/files/thesis_main.pdf,"February 17, 2023",远程侧信道攻击与防御
GitLab GitHub RCE,vulnerable,https://packetstormsecurity.com/files/171008,"February 17, 2023",一个gitlab导入github repo的反序列化漏洞的exp
CVE-2022-47966 Payload,vulnerable,https://vulncheck.com/blog/cve-2022-47966-payload,"February 17, 2023",Apache xmlsec 相关软件远程代码执行漏洞(CVE-2022-47966)的另外一种payload，可以绕过一些公开的漏洞利用检测。
ChatGPT Malicious Content,"AI, vulnerable",https://blog.checkpoint.com/2023/02/07/cybercriminals-bypass-chatgpt-restrictions-to-generate-malicious-content/,"February 17, 2023",通过直接调用text-davinci-003可以绕过chatgpt content filtering。不过严格意义上来说text-davinci-003和chatgpt并不是同一个模型
100 Red Team Projects,"pentesting, tool",https://github.com/kurogai/100-redteam-projects,"February 17, 2023",100 Red Team Projects for Pentesters and Network Managers
JEB Decompiler Heart Attack,vulnerable,https://blog.stmcyber.com/how-to-get-a-heart-attack-while-using-jeb-decompiler/,"February 17, 2023",JEB在逆向时会在沙箱中执行目标程序的代码，但在Java 18中不使用指定flag则沙箱不会被开启，此时代码会直接在环境中执行，给JEB使用者带来风险。
Reading Raw EVM Calldata,reverse engineering,https://degatchi.com/articles/reading-raw-evm-calldata,"February 17, 2023",EVM中calldata编码与解码
图象生成,"AI, stable-diffusion",,"February 23, 2023",本文提供了在 Windows 上安装 Stable Diffusion web UI 的说明，包括安装 Python 3.10.6 和 git，下载 stable-diffusion-webui 仓库，并以普通用户身份运行 webui-user.bat。
渗透测试实用手册,TAG_ME,,"February 24, 2023",